variable,results,se,(lower,upper),missInfo,or,ll,ul,z,p.value
psd_scale,0.13842567869898062,0.03367154727425286,0.07242971271029576,0.2044216446876655,2 %,1.1484643230355769,1.0751172363577324,1.2268153245816762,4.111057848678923,3.938504993250547e-5
phbae_scale,0.19996630922072925,0.03308961643919332,0.13508757869134963,0.26484503975010887,8 %,1.2213616088426242,1.1446370257745317,1.3032290114372729,6.043173984449006,1.5111154549884986e-9
I(scale(par_sch_inv)),0.132362550332572,0.030626610054311963,0.07227319169814642,0.19245190896699757,13 %,1.1415221034721543,1.0749489710885871,1.2122182054799182,4.321815248172936,1.5475074579773818e-5
"x1raceAmer. Indian/Alaska Native, non-Hispanic",-1.1109635363450727,0.2859412441034277,-1.6714123984834126,-0.5505146742067327,2 %,0.3292415719708729,0.18798137344452626,0.5766529455953815,-3.885286083259911,1.0220945717986929e-4
"x1raceBlack/African-American, non-Hispanic",-0.5171515556815683,0.17112108279240615,-0.8525441901001634,-0.18175892126297327,1 %,0.5962164208002738,0.42632888924556833,0.8338023282000336,-3.02213816814697,0.0025099595374520334
"x1raceHispanic, no race specified",-1.2467973597298379,0.4085981035898442,-2.0476353783648666,-0.44595934109480906,0 %,0.28742383955623907,0.12903967311632694,0.6402098017621062,-3.051402707882825,0.002277748529260659
"x1raceHispanic, race specified",-1.0478191984134635,0.17310450734341196,-1.3870982553056808,-0.7085401415212462,0 %,0.35070172664853566,0.24979910721264317,0.49236245255899463,-6.053101762016837,1.4208305643137464e-9
"x1raceMore than one race, non-Hispanic",-1.0004100978468207,0.16703029948540524,-1.3277843894693138,-0.6730358062243276,1 %,0.36772860553552705,0.2650638895349582,0.5101574853004225,-5.989392948039553,2.1062571686769616e-9
"x1raceNative Hawaiian/Pacific Islander, non-Hispanic",-0.5928486560165817,0.6565822372346674,-1.8797271739660646,0.6940298619329012,0 %,0.5527504439844552,0.15263174198972118,2.0017661421016086,-0.9029313045590254,0.366562355017392
"x1raceWhite, non-Hispanic",-0.8799912535975316,0.14757947159068843,-1.1692422505978706,-0.5907402565971926,1 %,0.41478653955572936,0.31060221075607025,0.5539170921475941,-5.962829681611727,2.47906783990004e-9
x1ses,0.3265678774286085,0.044875325472873366,0.23861205429650337,0.41452370056071364,2 %,1.3862023384199873,1.2694859494217503,1.5136496185060642,7.277225824824717,3.4083846855992306e-13
female,0.21366330036755438,0.051403601409851576,0.11291339312047201,0.31441320761463676,1 %,1.2382056812022113,1.1195349693195726,1.3694554890886943,4.156582311499394,3.2304381734515886e-5
as.numeric(math_level1),0.9993103988217984,0.04603408242829572,0.9090852350272925,1.0895355626163044,0 %,2.716407944298079,2.4820510012677763,2.9728930292233127,21.70805512151478,0
math_score,0.0774181810280291,0.003933436502409272,0.06970865437039336,0.08512770768566483,2 %,1.080493823947966,1.0721957561969382,1.0888561131137895,19.682072147499934,0
iss,-0.6039837109816047,0.10830112125312091,-0.8164435931211537,-0.39152382884205583,12 %,0.5466296781829622,0.4420007972729311,0.6760259413873867,-5.576892501140192,2.448530711518515e-8
urban1 urban,-0.027607980530695582,0.09156448789395169,-0.20707122021685834,0.1518552591554672,0 %,0.9727696367004871,0.8129617486136874,1.1639917470902585,-0.3015140603709883,0.7630225299543478
public1 public,-0.48902554266243997,0.10750839520275374,-0.6997387815415109,-0.278312303783369,1 %,0.6132236634288486,0.49671503798271927,0.7570603517789618,-4.548719583621075,5.397330611112139e-6
1|2,2.8248399966461055,0.25468682770851175,2.3256565699628293,3.3240234233293817,1 %,16.85824739415906,10.233396821516967,27.77186404079479,11.091425583576413,0
2|3,4.417556147143872,0.26511457378208186,3.89793523817389,4.937177056113853,1 %,82.89345820484365,49.30055004934308,139.37624238027587,16.66281896209524,0
3|4,7.327811891920362,0.2808887222274373,6.7772740460987535,7.878349737741971,1 %,1522.0477207731712,877.6729641850492,2639.513074738355,26.08795338528041,0
